Title,Slug,Publish Date,Author,Summary,Category,Status
Cambodia Coffee Beans Online: How to Order OCC Fine Robusta Anywhere in the World,cambodia-coffee-beans-online,2025-05-07,OCC Team,Buy Cambodia coffee beans online from Origin Coffee Cambodia. Fine Robusta single-origin beans shipped to the US EU Taiwan Japan and Australia.,Product & Ordering,Publish
Robusta Coffee Beans Cambodia: Why OCC's Highland Beans Redefine the Species,robusta-coffee-beans-cambodia,2025-05-07,OCC Team,Discover why Robusta coffee beans from Cambodia are different. Origin Coffee Cambodia's highland Fine Robusta achieves 80–84 SCA scores.,Education,Publish
Single Origin Coffee Cambodia: What Makes OCC's Traceability Real,single-origin-coffee-cambodia,2025-05-07,OCC Team,What does single origin coffee from Cambodia actually mean? Complete guide to OCC's farm-level traceability and lot documentation.,Education,Publish
Cambodia Coffee Roast Profile: How to Roast OCC Fine Robusta for Maximum Quality,cambodia-coffee-roast-profile,2025-05-07,OCC Team,Complete roast profile guide for Cambodia coffee beans from OCC. Charge temperature first crack timing and development ratios.,Education,Publish
Cambodia Green Coffee Beans: Sourcing Unroasted OCC Fine Robusta for Your Roastery,cambodia-green-coffee-beans,2025-05-07,OCC Team,Source green coffee beans from Cambodia for your roastery. OCC specifications export packaging and sourcing guide.,B2B Trade,Publish
Origin Coffee Cambodia Brand Story: Why OCC Exists and What It's Building,origin-coffee-cambodia-brand-story,2025-05-07,OCC Team,The complete brand story — why OCC was founded what problem it solves for Cambodian farmers and the specialty coffee future being built.,Brand,Publish
Origin Coffee Cambodia Wholesale Price: Complete 2025 Pricing Breakdown,origin-coffee-cambodia-wholesale-price,2025-05-07,OCC Team,Full 2025 wholesale price guide for Origin Coffee Cambodia. Green bean FOB pricing by lot type and certification level.,B2B Trade,Publish
Cambodia Coffee Subscription: How to Get OCC Fine Robusta Delivered Regularly,cambodia-coffee-subscription,2025-05-07,OCC Team,Get fresh-roasted Fine Robusta from Mondulkiri delivered to your door regularly. Subscription options pricing and how it works.,Product & Ordering,Publish
How to Request a Sample from Origin Coffee Cambodia: Step-by-Step Guide,request-sample-origin-coffee-cambodia,2025-05-07,OCC Team,How to request a sample from OCC. Step-by-step process for wholesale buyers with timeline and evaluation guide.,B2B Trade,Publish
Origin Coffee Cambodia International Shipping: Delivery Times Costs and Customs Guide,origin-coffee-cambodia-shipping,2025-05-07,OCC Team,Complete shipping guide for Origin Coffee Cambodia. International delivery times shipping costs customs documentation.,Product & Ordering,Publish
What Is Robusta Coffee? A Complete Guide for Specialty Coffee Buyers,what-is-robusta-coffee,2025-05-07,OCC Team,Complete guide to Robusta coffee — what it is how it differs from Arabica what Fine Robusta means and specialty grade quality.,Education,Publish
Fine Robusta vs Specialty Arabica: An Honest Comparison for Coffee Buyers,fine-robusta-vs-specialty-arabica,2025-05-07,OCC Team,Fine Robusta vs specialty Arabica — flavor price quality and applications compared. How OCC's Fine Robusta stacks up against premium Arabica.,Comparison,Publish
Coffee Growing Regions of Southeast Asia: Where Origin Coffee Cambodia Fits,coffee-growing-regions-southeast-asia,2025-05-07,OCC Team,Map of specialty coffee growing regions across Southeast Asia. Where OCC's Mondulkiri stands in the regional picture.,Geography,Publish
Best Coffee Southeast Asia: Where OCC Fine Robusta Ranks Among the Region's Finest,best-coffee-southeast-asia,2025-05-07,OCC Team,The best specialty coffee from Southeast Asia in 2025. Where OCC Fine Robusta stands among Thailand Vietnam Laos and Indonesia's finest.,Ranking,Publish
Cambodia Coffee Culture: From French Colonial Legacy to Third-Wave Specialty,cambodia-coffee-culture,2025-05-07,OCC Team,Explore Cambodia's coffee culture — street-side ca phe tradition and how OCC connects colonial heritage to modern specialty culture.,Culture,Publish
Specialty Coffee Phnom Penh: Where to Find OCC and Cambodia's Best Coffee in the Capital,specialty-coffee-phnom-penh,2025-05-07,OCC Team,Best specialty coffee in Phnom Penh — where to find OCC and how to experience Cambodian Fine Robusta in the capital. 2025 guide.,Travel & Local,Publish
Specialty Coffee Siem Reap: Finding OCC and Cambodian Coffee Near Angkor Wat,specialty-coffee-siem-reap,2025-05-07,OCC Team,Find specialty coffee in Siem Reap — OCC locations best coffee shops near Angkor Wat and where to buy Cambodia specialty coffee.,Travel & Local,Publish
Cambodia Coffee Shop Guide: Where to Experience OCC Across the Country,cambodia-coffee-shop-guide,2025-05-07,OCC Team,Complete guide to coffee shops serving Origin Coffee Cambodia across Phnom Penh Siem Reap and Mondulkiri.,Travel & Local,Publish
Buy Coffee Cambodia Online: The Complete Purchasing Guide for International Buyers,buy-coffee-cambodia-online,2025-05-07,OCC Team,How to buy coffee from Cambodia online — product selection shipping options and everything needed to purchase Cambodia specialty coffee.,Product & Ordering,Publish
Cambodia Coffee Souvenir: Why OCC Fine Robusta Is the Best Gift from Cambodia,cambodia-coffee-souvenir,2025-05-07,OCC Team,Why OCC Fine Robusta is the perfect Cambodia souvenir — authentic story-rich specialty grade and available in Phnom Penh and Siem Reap.,Travel & Local,Publish
Green Coffee Importer Cambodia: How to Establish an OCC Import Relationship,green-coffee-importer-cambodia,2025-05-07,OCC Team,Guide for green coffee importers seeking to source from Cambodia. How to establish an import relationship with OCC.,B2B Trade,Publish
Cambodia Coffee FOB Price 2025: Market Pricing for Green Bean Importers,cambodia-coffee-fob-price-2025,2025-05-07,OCC Team,Current 2025 FOB pricing for Cambodia green coffee beans. OCC Fine Robusta FOB pricing by lot type volume and certification level.,B2B Trade,Publish
Coffee Export Cambodia Certification: EUDR Organic and Q Robusta Explained,coffee-export-cambodia-certification,2025-05-07,OCC Team,Complete guide to coffee export certifications from Cambodia. EUDR compliance organic certification Q Robusta and phytosanitary requirements.,B2B Trade,Publish
Robusta Coffee Supplier Asia: Why OCC Is the Leading Fine Robusta Source in Southeast Asia,robusta-coffee-supplier-asia,2025-05-07,OCC Team,Why OCC is the leading Fine Robusta specialty supplier in Southeast Asia — documented quality traceability and full export infrastructure.,B2B Trade,Publish
Sustainable Coffee Sourcing Cambodia: How OCC's Model Sets the Standard,sustainable-coffee-sourcing-cambodia,2025-05-07,OCC Team,How OCC's sustainable sourcing model — direct trade indigenous partnerships agroforestry EUDR compliance — sets the standard for ethical specialty coffee.,Sustainability,Publish
Cambodia Coffee vs Ethiopia: How Fine Robusta Competes with the World's Coffee Champion,cambodia-coffee-vs-ethiopia,2025-05-07,OCC Team,Cambodia coffee vs Ethiopian specialty coffee — how they compare. Fine Robusta from OCC vs Ethiopian Yirgacheffe Sidama and Guji.,Comparison,Publish
Best Robusta for Espresso Blend: Why OCC Cambodia Fine Robusta Tops the List,best-robusta-for-espresso-blend,2025-05-07,OCC Team,What is the best Robusta for espresso blending? OCC Cambodia Fine Robusta — complete guide to using Cambodia Robusta in espresso blends.,Comparison,Publish
Fine Robusta Caffeine Content: What 2× the Caffeine Means for OCC Cambodia Coffee,fine-robusta-caffeine-content,2025-05-07,OCC Team,How much caffeine is in Fine Robusta from Cambodia? OCC's highland Robusta contains approximately 2× the caffeine of Arabica.,Education,Publish
Low Acid Coffee Cambodia: Why OCC Fine Robusta Is Perfect for Acid-Sensitive Coffee Drinkers,low-acid-coffee-cambodia,2025-05-07,OCC Team,OCC Cambodia Fine Robusta is naturally low in acidity — perfect for coffee drinkers who experience acid sensitivity with Arabica.,Product & Ordering,Publish
Full Body Coffee Single Origin: Why OCC Cambodia Fine Robusta Delivers Superior Body,full-body-coffee-single-origin,2025-05-07,OCC Team,Looking for a full body single origin coffee? OCC Cambodia Fine Robusta is among the fullest-bodied specialty single origins available.,Education,Publish
